{
  "part_id": "example4",
  "thickness": 3,
  "circular_holes": [
    {
      "name": "CIRC_HOLE_0",
      "type": "circular_hole",
      "radius": 2.1,
      "center": [
        0.715798,
        0.0,
        17.0
      ],
      "normal": [
        1.0,
        -0.0,
        7.22801448323669e-17
      ],
      "area": 18.889454,
      "num_faces": 2,
      "faces": [
        {
          "face_id": 0,
          "center": [
            0.715798,
            -1.336902,
            17.0
          ],
          "area": 9.444727,
          "angle_span": 180.0,
          "normal": [
            0,
            0,
            0
          ]
        },
        {
          "face_id": 3,
          "center": [
            0.715798,
            1.336902,
            17.0
          ],
          "area": 9.444727,
          "angle_span": 180.0,
          "normal": [
            0,
            0,
            0
          ]
        }
      ]
    },
    {
      "name": "CIRC_HOLE_1",
      "type": "circular_hole",
      "radius": 2.1,
      "center": [
        17.0,
        0.0,
        0.715798
      ],
      "normal": [
        -1.4976446009266439e-16,
        -0.0,
        1.0
      ],
      "area": 18.889454,
      "num_faces": 2,
      "faces": [
        {
          "face_id": 1,
          "center": [
            17.0,
            -1.336902,
            0.715798
          ],
          "area": 9.444727,
          "angle_span": 180.0,
          "normal": [
            0,
            0,
            0
          ]
        },
        {
          "face_id": 2,
          "center": [
            17.0,
            1.336902,
            0.715798
          ],
          "area": 9.444727,
          "angle_span": 180.0,
          "normal": [
            0,
            0,
            0
          ]
        }
      ]
    }
  ],
  "fillets": [
    {
      "name": "FILLET_0",
      "type": "external_fillet",
      "radius": 22.321429,
      "center": [
        1.75,
        0.0,
        21.820659
      ],
      "normal": [
        -1.0,
        0.0,
        -0.0
      ],
      "axis_direction": [
        -1.0,
        0.0,
        -0.0
      ],
      "axis_location": [
        54.028457,
        0.0,
        0.678571
      ],
      "area": 88.685659,
      "num_faces": 2,
      "total_angle": 65.0408,
      "faces": [
        {
          "face_id": 0,
          "center": [
            1.75,
            -6.166442,
            21.820659
          ],
          "area": 44.34283,
          "angle_span": 32.5204,
          "normal": [
            -1.0,
            0.0,
            -0.0
          ]
        },
        {
          "face_id": 3,
          "center": [
            1.75,
            6.166442,
            21.820659
          ],
          "area": 44.34283,
          "angle_span": 32.5204,
          "normal": [
            -1.0,
            0.0,
            -0.0
          ]
        }
      ]
    },
    {
      "name": "FILLET_1",
      "type": "internal_fillet",
      "radius": 16.0,
      "center": [
        9.314084,
        0.0,
        9.314084
      ],
      "normal": [
        0.0,
        1.0,
        0.0
      ],
      "axis_direction": [
        0.0,
        1.0,
        0.0
      ],
      "axis_location": [
        19.5,
        0.0,
        19.5
      ],
      "area": 175.929189,
      "num_faces": 2,
      "total_angle": 180.0,
      "faces": [
        {
          "face_id": 1,
          "center": [
            9.314084,
            10.25,
            9.314084
          ],
          "area": 87.964594,
          "angle_span": 90.0,
          "normal": [
            0.0,
            1.0,
            0.0
          ]
        },
        {
          "face_id": 2,
          "center": [
            9.314084,
            -10.25,
            9.314084
          ],
          "area": 87.964594,
          "angle_span": 90.0,
          "normal": [
            0.0,
            -1.0,
            0.0
          ]
        }
      ]
    },
    {
      "name": "FILLET_2",
      "type": "external_fillet",
      "radius": 22.321429,
      "center": [
        21.820659,
        0.0,
        1.75
      ],
      "normal": [
        0.0,
        0.0,
        -1.0
      ],
      "axis_direction": [
        0.0,
        0.0,
        -1.0
      ],
      "axis_location": [
        0.678571,
        0.0,
        58.403457
      ],
      "area": 88.685659,
      "num_faces": 1,
      "total_angle": 65.0408,
      "faces": [
        {
          "face_id": 4,
          "center": [
            21.820659,
            0.0,
            1.75
          ],
          "area": 88.685659,
          "angle_span": 65.0408,
          "normal": [
            0.0,
            0.0,
            -1.0
          ]
        }
      ]
    }
  ],
  "faces": [
    {
      "name": "FACE_0",
      "face_id": 0,
      "center": [
        16.999999999999993,
        1.9811999999999967,
        2.4657976261910637
      ],
      "normal": [
        2.3672547376638294e-16,
        0.7431448254773932,
        -0.6691306063588593
      ],
      "area": 26.504922137661566
    },
    {
      "name": "FACE_1",
      "face_id": 1,
      "center": [
        2.4657976261910624,
        -1.9811999999999992,
        16.999999999999993
      ],
      "normal": [
        -0.6691306063588595,
        -0.7431448254773934,
        8.814863263418339e-17
      ],
      "area": 26.504922137661644
    },
    {
      "name": "FACE_2",
      "face_id": 2,
      "center": [
        1.7500000000000009,
        -6.000000000000009,
        21.249999999999993
      ],
      "normal": [
        -1.1895246692412394e-16,
        -0.2800000000000004,
        0.9599999999999999
      ],
      "area": 44.34282956380119
    },
    {
      "name": "FACE_3",
      "face_id": 3,
      "center": [
        0.7157976261910607,
        -1.0500000000000003,
        16.999999999999993
      ],
      "normal": [
        -1.3277647201629785e-32,
        -1.0,
        1.8369701987210297e-16
      ],
      "area": 9.444727168375179
    },
    {
      "name": "FACE_4",
      "face_id": 4,
      "center": [
        16.999999999999993,
        -1.0500000000000003,
        0.7157976261910626
      ],
      "normal": [
        -1.8369701987210297e-16,
        -1.0,
        -2.751128500177694e-32
      ],
      "area": 9.444727168375202
    },
    {
      "name": "FACE_5",
      "face_id": 5,
      "center": [
        16.999999999999993,
        1.0500000000000005,
        0.7157976261910626
      ],
      "normal": [
        6.123233995736766e-17,
        1.0,
        9.170428333925649e-33
      ],
      "area": 9.444727168375206
    },
    {
      "name": "FACE_6",
      "face_id": 6,
      "center": [
        0.7157976261910607,
        1.0500000000000005,
        16.999999999999993
      ],
      "normal": [
        4.4258824005432617e-33,
        1.0,
        -6.123233995736766e-17
      ],
      "area": 9.444727168375179
    },
    {
      "name": "FACE_7",
      "face_id": 7,
      "center": [
        3.5000000000000027,
        7.105427357601002e-15,
        13.25
      ],
      "normal": [
        -1.0,
        0.0,
        0.0
      ],
      "area": 279.6165822299972
    },
    {
      "name": "FACE_8",
      "face_id": 8,
      "center": [
        8.572182802170169e-16,
        0.0,
        11.499999999999998
      ],
      "normal": [
        1.0,
        0.0,
        -1.2246467991473532e-16
      ],
      "area": 511.0870914729318
    },
    {
      "name": "FACE_9",
      "face_id": 9,
      "center": [
        13.25,
        -1.7763568394002505e-15,
        3.5000000000000027
      ],
      "normal": [
        -1.5568031194663657e-16,
        0.0,
        -1.0
      ],
      "area": 279.6165822299962
    },
    {
      "name": "FACE_10",
      "face_id": 10,
      "center": [
        11.499999999999998,
        -8.881784197001252e-16,
        -5.909335547384773e-16
      ],
      "normal": [
        0.0,
        0.0,
        1.0
      ],