{
  "part_id": "corner050",
  "thickness": 6.2 ,
  "circular_holes": [],
  "fillets": [
    {
      "name": "FILLET_0",
      "type": "external_fillet",
      "radius": 9.2964,
      "center": [
        -29.133872,
        0.0,
        -29.133872
      ],
      "normal": [
        0.0,
        -1.0,
        0.0
      ],
      "axis_direction": [
        0.0,
        -1.0,
        0.0
      ],
      "axis_location": [
        -23.2156,
        64.008,
        -23.2156
      ],
      "area": 1869.385768,
      "num_faces": 1,
      "total_angle": 90.0,
      "faces": [
        {
          "face_id": 0,
          "center": [
            -29.133872,
            0.0,
            -29.133872
          ],
          "area": 1869.385768,
          "angle_span": 90.0,
          "normal": [
            -0.0,
            -1.0,
            -0.0
          ]
        }
      ]
    },
    {
      "name": "FILLET_1",
      "type": "internal_fillet",
      "radius": 3.0988,
      "center": [
        -25.188357,
        -0.0,
        -25.188357
      ],
      "normal": [
        0.0,
        -1.0,
        0.0
      ],
      "axis_direction": [
        0.0,
        -1.0,
        0.0
      ],
      "axis_location": [
        -23.2156,
        64.008,
        -23.2156
      ],
      "area": 623.128589,
      "num_faces": 1,
      "total_angle": 90.0,
      "faces": [
        {
          "face_id": 1,
          "center": [
            -25.188357,
            -0.0,
            -25.188357
          ],
          "area": 623.128589,
          "angle_span": 90.0,
          "normal": [
            -0.0,
            -1.0,
            -0.0
          ]
        }
      ]
    },
    {
      "name": "FILLET_2",
      "type": "internal_fillet",
      "radius": 7.14375,
      "center": [
        10.287,
        49.791602,
        -29.4132
      ],
      "normal": [
        0.0,
        0.0,
        1.0
      ],
      "axis_direction": [
        0.0,
        0.0,
        1.0
      ],
      "axis_location": [
        10.287,
        45.24375,
        -32.512
      ],
      "area": 139.091203,
      "num_faces": 1,
      "total_angle": 180.0,
      "faces": [
        {
          "face_id": 2,
          "center": [
            10.287,
            49.791602,
            -29.4132
          ],
          "area": 139.091203,
          "angle_span": 180.0,
          "normal": [
            -0.0,
            -0.0,
            1.0
          ]
        }
      ]
    },
    {
      "name": "FILLET_3",
      "type": "internal_fillet",
      "radius": 7.14375,
      "center": [
        10.287,
        13.708398,
        -29.4132
      ],
      "normal": [
        0.0,
        0.0,
        1.0
      ],
      "axis_direction": [
        0.0,
        0.0,
        1.0
      ],
      "axis_location": [
        10.287,
        18.25625,
        -32.512
      ],
      "area": 139.091203,
      "num_faces": 1,
      "total_angle": 180.0,
      "faces": [
        {
          "face_id": 3,
          "center": [
            10.287,
            13.708398,
            -29.4132
          ],
          "area": 139.091203,
          "angle_span": 180.0,
          "normal": [
            -0.0,
            -0.0,
            1.0
          ]
        }
      ]
    },
    {
      "name": "FILLET_4",
      "type": "internal_fillet",
      "radius": 7.14375,
      "center": [
        10.287,
        -49.791602,
        -29.4132
      ],
      "normal": [
        0.0,
        0.0,
        1.0
      ],
      "axis_direction": [
        0.0,
        0.0,
        1.0
      ],
      "axis_location": [
        10.287,
        -45.24375,
        -32.512
      ],
      "area": 139.091203,
      "num_faces": 1,
      "total_angle": 180.0,
      "faces": [
        {
          "face_id": 4,
          "center": [
            10.287,
            -49.791602,
            -29.4132
          ],
          "area": 139.091203,
          "angle_span": 180.0,
          "normal": [
            0.0,
            0.0,
            1.0
          ]
        }
      ]
    },
    {
      "name": "FILLET_5",
      "type": "internal_fillet",
      "radius": 7.14375,
      "center": [
        10.287,
        -13.708398,
        -29.4132
      ],
      "normal": [
        0.0,
        0.0,
        1.0
      ],
      "axis_direction": [
        0.0,
        0.0,
        1.0
      ],
      "axis_location": [
        10.287,
        -18.25625,
        -32.512
      ],
      "area": 139.091203,
      "num_faces": 1,
      "total_angle": 180.0,
      "faces": [
        {
          "face_id": 5,
          "center": [
            10.287,
            -13.708398,
            -29.4132
          ],
          "area": 139.091203,
          "angle_span": 180.0,
          "normal": [
            0.0,
            0.0,
            1.0
          ]
        }
      ]
    }
  ],
  "faces": [
    {
      "name": "FACE_0",
      "face_id": 0,
      "center": [
        4.6482000000000046,
        0.0,
        -26.3144
      ],
      "normal": [
        0.0,
        0.0,
        -1.0
      ],
      "area": 6042.205802483615
    },
    {
      "name": "FACE_1",
      "face_id": 1,
      "center": [
        32.512,
        0.0,
        -29.4132
      ],
      "normal": [
        1.0,
        0.0,
        0.0
      ],
      "area": 793.3919616000001
    },
    {
      "name": "FACE_2",
      "face_id": 2,
      "center": [
        4.6482000000000046,
        0.0,
        -32.512
      ],
      "normal": [
        0.0,
        0.0,
        -1.0
      ],
      "area": 6042.205802483615
    },
    {
      "name": "FACE_3",
      "face_id": 3,
      "center": [
        -27.86379999999999,
        0.0,
        -27.863799999999998
      ],
      "normal": [
        -0.7071067811865477,
        0.0,
        -0.7071067811865474
      ],
      "area": 1869.3857684848163
    },
    {
      "name": "FACE_4",
      "face_id": 4,
      "center": [
        -32.512,
        0.0,
        4.648199999999996
      ],
      "normal": [
        -1.0,
        0.0,
        -1.2451449378597374e-16
      ],
      "area": 6725.759129099999
    },
    {
      "name": "FACE_5",
      "face_id": 5,
      "center": [
        -29.4132,
        0.0,
        32.51199999999999
      ],
      "normal": [
        0.0,
        -0.0,
        1.0
      ],
      "area": 793.3919616000001
    },
    {
      "name": "FACE_6",
      "face_id": 6,
      "center": [
        -26.314399999999996,
        0.0,
        4.648199999999996
      ],
      "normal": [
        -1.0,
        0.0,
        -1.2451449378597374e-16
      ],
      "area": 6725.759129099999
    },
    {
      "name": "FACE_7",
      "face_id": 7,
      "center": [
        -24.764999999999993,
        0.0,
        -24.765
      ],
      "normal": [
        -0.7071067811865476,
        0.0,
        -0.7071067811865472
      ],
      "area": 623.1285894949392
    },
    {
      "name": "FACE_8",
      "face_id": 8,
      "center": [
        0.0,
        64.008,
        -3.552713678800501e-15
      ],
      "normal": [
        0.0,
        -1.0,
        -0.0
      ],
      "area": 751.0894204710976
    },
    {
      "name": "FACE_9",
      "face_id": 9,
      "center": [
        0.0,
        -64.008,
        -3.552713678800501e-15
      ],
      "normal": [
        0.0,
        -1.0,
        -0.0
      ],
      "area": 751.0894204710978
    },
    {
      "name": "FACE_10",
      "face_id": 10,
      "center": [
        10.286999999999997,
        48.815625,
        -29.4132
      ],
      "normal": [
        6.123233995736766e-17,
        1.0,
        0.0
      ],
      "area": 139.09120301226304
    },
    {
      "name": "FACE_11",
      "face_id": 11,
      "center": [
        17.430749999999993,
        31.75,
        -29.4132
      ],
      "normal": [
        1.0,
        2.5711510528604833e-16,
        0.0
      ],
      "area": 167.25773
    },
    {
      "name": "FACE_12",
      "face_id": 12,