{
  "part_id": "corner002",
  "thickness": 2 ,
  "circular_holes": [
    {
      "name": "CIRC_HOLE_0",
      "type": "circular_hole",
      "radius": 2.4,
      "center": [
        12.4124,
        0.0,
        1.0033
      ],
      "normal": [
        -0.0,
        -0.0,
        1.0
      ],
      "area": 30.258815,
      "num_faces": 2,
      "faces": [
        {
          "face_id": 0,
          "center": [
            12.4124,
            -1.527887,
            1.0033
          ],
          "area": 15.129408,
          "angle_span": 180.0,
          "normal": [
            0,
            0,
            0
          ]
        },
        {
          "face_id": 4,
          "center": [
            12.4124,
            1.527887,
            1.0033
          ],
          "area": 15.129408,
          "angle_span": 180.0,
          "normal": [
            0,
            0,
            0
          ]
        }
      ]
    },
    {
      "name": "CIRC_HOLE_1",
      "type": "circular_hole",
      "radius": 2.4,
      "center": [
        1.0033,
        0.0,
        14.0124
      ],
      "normal": [
        1.0,
        -0.0,
        -0.0
      ],
      "area": 30.258815,
      "num_faces": 2,
      "faces": [
        {
          "face_id": 1,
          "center": [
            1.0033,
            -1.527887,
            14.0124
          ],
          "area": 15.129408,
          "angle_span": 180.0,
          "normal": [
            0,
            0,
            0
          ]
        },
        {
          "face_id": 3,
          "center": [
            1.0033,
            1.527887,
            14.0124
          ],
          "area": 15.129408,
          "angle_span": 180.0,
          "normal": [
            0,
            0,
            0
          ]
        }
      ]
    }
  ],
  "fillets": [
    {
      "name": "FILLET_0",
      "type": "external_fillet",
      "radius": 11.60145,
      "center": [
        1.0033,
        0.0,
        21.924571
      ],
      "normal": [
        -1.0,
        0.0,
        0.0
      ],
      "axis_direction": [
        -1.0,
        0.0,
        0.0
      ],
      "axis_location": [
        73.596046,
        0.0,
        11.41095
      ],
      "area": 35.431947,
      "num_faces": 2,
      "total_angle": 87.2056,
      "faces": [
        {
          "face_id": 0,
          "center": [
            1.0033,
            -4.205449,
            21.924571
          ],
          "area": 17.715973,
          "angle_span": 43.6028,
          "normal": [
            -1.0,
            0.0,
            0.0
          ]
        },
        {
          "face_id": 1,
          "center": [
            1.0033,
            4.205449,
            21.924571
          ],
          "area": 17.715973,
          "angle_span": 43.6028,
          "normal": [
            -1.0,
            0.0,
            0.0
          ]
        }
      ]
    },
    {
      "name": "FILLET_1",
      "type": "external_fillet",
      "radius": 2.80924,
      "center": [
        1.020822,
        0.0,
        1.020822
      ],
      "normal": [
        0.0,
        -1.0,
        0.0
      ],
      "axis_direction": [
        0.0,
        -1.0,
        0.0
      ],
      "axis_location": [
        2.80924,
        8.001,
        2.80924
      ],
      "area": 70.612727,
      "num_faces": 1,
      "total_angle": 90.0,
      "faces": [
        {
          "face_id": 2,
          "center": [
            1.020822,
            0.0,
            1.020822
          ],
          "area": 70.612727,
          "angle_span": 90.0,
          "normal": [
            -0.0,
            -1.0,
            -0.0
          ]
        }
      ]
    },
    {
      "name": "FILLET_2",
      "type": "internal_fillet",
      "radius": 0.80264,
      "center": [
        2.298264,
        0.0,
        2.298264
      ],
      "normal": [
        0.0,
        -1.0,
        0.0
      ],
      "axis_direction": [
        0.0,
        -1.0,
        0.0
      ],
      "axis_location": [
        2.80924,
        8.001,
        2.80924
      ],
      "area": 20.175065,
      "num_faces": 1,
      "total_angle": 90.0,
      "faces": [
        {
          "face_id": 3,
          "center": [
            2.298264,
            0.0,
            2.298264
          ],
          "area": 20.175065,
          "angle_span": 90.0,
          "normal": [
            -0.0,
            -1.0,
            -0.0
          ]
        }
      ]
    },
    {
      "name": "FILLET_3",
      "type": "external_fillet",
      "radius": 11.60145,
      "center": [
        21.924571,
        0.0,
        1.0033
      ],
      "normal": [
        0.0,
        0.0,
        -1.0
      ],
      "axis_direction": [
        0.0,
        0.0,
        -1.0
      ],
      "axis_location": [
        11.41095,
        0.0,
        69.595546
      ],
      "area": 35.431947,
      "num_faces": 1,
      "total_angle": 87.2056,
      "faces": [
        {
          "face_id": 4,
          "center": [
            21.924571,
            0.0,
            1.0033
          ],
          "area": 35.431947,
          "angle_span": 87.2056,
          "normal": [
            0.0,
            0.0,
            -1.0
          ]
        }
      ]
    }
  ],
  "faces": [
    {
      "name": "FACE_0",
      "face_id": 0,
      "center": [
        12.4124,
        -1.2000000000000002,
        1.0032999999999999
      ],
      "normal": [
        -1.8369701987210297e-16,
        -1.0,
        -0.0
      ],
      "area": 15.12940756486387
    },
    {
      "name": "FACE_1",
      "face_id": 1,
      "center": [
        1.0032999999999999,
        -1.2000000000000002,
        14.012400000000001
      ],
      "normal": [
        0.0,
        -1.0,
        1.8369701987210297e-16
      ],
      "area": 15.12940756486387
    },
    {
      "name": "FACE_2",
      "face_id": 2,
      "center": [
        1.0032999999999959,
        -4.000500000000003,
        21.4122
      ],
      "normal": [
        0.0,
        -0.37139067635410394,
        0.9284766908852593
      ],
      "area": 17.715973254356413
    },
    {
      "name": "FACE_3",
      "face_id": 3,
      "center": [
        1.003300000000003,
        4.0005000000000015,
        21.4122
      ],
      "normal": [
        0.0,
        0.3713906763541032,
        0.9284766908852594
      ],
      "area": 17.715973254356534
    },
    {
      "name": "FACE_4",
      "face_id": 4,
      "center": [
        12.910820000000003,
        0.0,
        2.0065999999999984
      ],
      "normal": [
        0.0,
        0.0,
        -1.0
      ],
      "area": 289.1932690628838
    },
    {
      "name": "FACE_5",
      "face_id": 5,
      "center": [
        12.910820000000003,
        0.0,
        0.0
      ],
      "normal": [
        0.0,
        0.0,
        -1.0
      ],
      "area": 289.19326906288387
    },
    {
      "name": "FACE_6",
      "face_id": 6,
      "center": [
        1.4046199999999995,
        0.0,
        1.4046200000000002
      ],
      "normal": [
        -0.7071067811865477,
        0.0,
        -0.7071067811865474
      ],
      "area": 70.61272745711089
    },
    {
      "name": "FACE_7",
      "face_id": 7,
      "center": [
        1.0301238105717518e-15,
        2.6645352591003757e-15,
        12.91082
      ],
      "normal": [
        -1.0,
        0.0,
        1.211713642103303e-16
      ],
      "area": 289.1932690628831
    },
    {
      "name": "FACE_8",
      "face_id": 8,
      "center": [
        2.0065999999999997,
        2.6645352591003757e-15,
        12.91082
      ],
      "normal": [
        -1.0,
        0.0,
        1.211713642103303e-16
      ],
      "area": 289.19326906288296
    },
    {
      "name": "FACE_9",
      "face_id": 9,
      "center": [
        2.40792,
        0.0,
        2.4079200000000003
      ],
      "normal": [
        -0.7071067811865477,
        0.0,
        -0.7071067811865474
      ],