{
  "part_id": "corner016",
  "thickness": 2 ,
  "circular_holes": [
    {
      "name": "CIRC_HOLE_0",
      "type": "circular_hole",
      "radius": 2.3495,
      "center": [
        -0.686655,
        0.0,
        14.75105
      ],
      "normal": [
        1.0,
        -0.0,
        -6.017286329656971e-16
      ],
      "area": 9.161366,
      "num_faces": 2,
      "faces": [
        {
          "face_id": 0,
          "center": [
            -0.686655,
            -1.495738,
            14.75105
          ],
          "area": 4.580683,
          "angle_span": 180.0,
          "normal": [
            0,
            0,
            0
          ]
        },
        {
          "face_id": 4,
          "center": [
            -0.686655,
            1.495738,
            14.75105
          ],
          "area": 4.580683,
          "angle_span": 180.0,
          "normal": [
            0,
            0,
            0
          ]
        }
      ]
    },
    {
      "name": "CIRC_HOLE_1",
      "type": "circular_hole",
      "radius": 2.3495,
      "center": [
        14.75105,
        0.0,
        -0.686655
      ],
      "normal": [
        -0.0,
        -0.0,
        1.0
      ],
      "area": 9.161366,
      "num_faces": 2,
      "faces": [
        {
          "face_id": 1,
          "center": [
            14.75105,
            -1.495738,
            -0.686655
          ],
          "area": 4.580683,
          "angle_span": 180.0,
          "normal": [
            0,
            0,
            0
          ]
        },
        {
          "face_id": 3,
          "center": [
            14.75105,
            1.495738,
            -0.686655
          ],
          "area": 4.580683,
          "angle_span": 180.0,
          "normal": [
            0,
            0,
            0
          ]
        }
      ]
    }
  ],
  "fillets": [
    {
      "name": "FILLET_0",
      "type": "internal_fillet",
      "radius": 1.524,
      "center": [
        1.550741,
        0.0,
        1.550741
      ],
      "normal": [
        0.0,
        1.0,
        0.0
      ],
      "axis_direction": [
        0.0,
        1.0,
        0.0
      ],
      "axis_location": [
        2.52095,
        6.35,
        2.52095
      ],
      "area": 29.447812,
      "num_faces": 1,
      "total_angle": 90.0,
      "faces": [
        {
          "face_id": 0,
          "center": [
            1.550741,
            0.0,
            1.550741
          ],
          "area": 29.447812,
          "angle_span": 90.0,
          "normal": [
            0.0,
            1.0,
            0.0
          ]
        }
      ]
    },
    {
      "name": "FILLET_1",
      "type": "external_fillet",
      "radius": 3.5179,
      "center": [
        0.281385,
        0.0,
        0.281385
      ],
      "normal": [
        0.0,
        -1.0,
        0.0
      ],
      "axis_direction": [
        0.0,
        -1.0,
        0.0
      ],
      "axis_location": [
        2.52095,
        6.35,
        2.52095
      ],
      "area": 67.975366,
      "num_faces": 1,
      "total_angle": 90.0,
      "faces": [
        {
          "face_id": 1,
          "center": [
            0.281385,
            0.0,
            0.281385
          ],
          "area": 67.975366,
          "angle_span": 90.0,
          "normal": [
            0.0,
            -1.0,
            0.0
          ]
        }
      ]
    }
  ],
  "faces": [
    {
      "name": "FACE_0",
      "face_id": 0,
      "center": [
        0.31029509772977737,
        -1.771650000000001,
        14.751050000000003
      ],
      "normal": [
        -0.6560590289905083,
        -0.754709580222771,
        5.3340740341511e-16
      ],
      "area": 16.84341837526644
    },
    {
      "name": "FACE_1",
      "face_id": 1,
      "center": [
        -0.6866549022702202,
        -1.174750000000002,
        14.751050000000006
      ],
      "normal": [
        1.10535756647513e-31,
        -1.0,
        1.8369701987210297e-16
      ],
      "area": 4.580682936722701
    },
    {
      "name": "FACE_2",
      "face_id": 2,
      "center": [
        14.75105,
        -1.7716499999999997,
        0.3102950977297897
      ],
      "normal": [
        -1.3863790075584888e-16,
        -0.7547095802227711,
        -0.6560590289905085
      ],
      "area": 16.84341837526652
    },
    {
      "name": "FACE_3",
      "face_id": 3,
      "center": [
        14.751050000000001,
        -1.1747499999999984,
        -0.6866549022702146
      ],
      "normal": [
        -1.8369701987210297e-16,
        -1.0,
        -0.0
      ],
      "area": 4.5806829367227975
    },
    {
      "name": "FACE_4",
      "face_id": 4,
      "center": [
        -0.9969499999999986,
        0.0,
        13.362305
      ],
      "normal": [
        1.0,
        -0.0,
        0.0
      ],
      "area": 249.38172243408803
    },
    {
      "name": "FACE_5",
      "face_id": 5,
      "center": [
        -5.551115123125783e-17,
        0.0,
        24.40305
      ],
      "normal": [
        0.0,
        0.0,
        -1.0
      ],
      "area": 19.621922046399956
    },
    {
      "name": "FACE_6",
      "face_id": 6,
      "center": [
        0.9969499999999917,
        0.0,
        13.362305000000005
      ],
      "normal": [
        -1.0,
        0.0,
        6.299703729285469e-16
      ],
      "area": 227.28116902577145
    },
    {
      "name": "FACE_7",
      "face_id": 7,
      "center": [
        13.362304999999989,
        0.0,
        0.9969500000000049
      ],
      "normal": [
        -2.964566460840219e-16,
        0.0,
        -1.0
      ],
      "area": 227.28116902577182
    },
    {
      "name": "FACE_8",
      "face_id": 8,
      "center": [
        24.403049999999997,
        0.0,
        0.0
      ],
      "normal": [
        -1.0,
        0.0,
        0.0
      ],
      "area": 19.621922046400034
    },
    {
      "name": "FACE_9",
      "face_id": 9,
      "center": [
        13.362305,
        0.0,
        -0.9969500000000012
      ],
      "normal": [
        1.7074049960401648e-17,
        -0.0,
        1.0
      ],
      "area": 249.38172243408803
    },
    {
      "name": "FACE_10",
      "face_id": 10,
      "center": [
        11.70305,
        6.35,
        11.70305
      ],
      "normal": [
        0.0,
        -1.0,
        0.0
      ],
      "area": 75.48956284333329
    },
    {
      "name": "FACE_11",
      "face_id": 11,
      "center": [
        11.70305,
        -6.35,
        11.70305
      ],
      "normal": [
        0.0,
        -1.0,
        0.0
      ],
      "area": 75.48956284333335
    },
    {
      "name": "FACE_12",
      "face_id": 12,
      "center": [
        1.7589499999999834,
        0.0,
        1.7589500000000078
      ],
      "normal": [
        -0.7071067811865478,
        0.0,
        -0.7071067811865474
      ],
      "area": 29.447811855230196
    },
    {
      "name": "FACE_13",
      "face_id": 13,
      "center": [
        0.7620000000000009,
        8.881784197001252e-16,
        0.7620000000000011
      ],
      "normal": [
        -0.7071067811865477,
        -0.0,
        -0.7071067811865472
      ],
      "area": 67.97536569915631
    },
    {
      "name": "FACE_14",
      "face_id": 14,
      "center": [
        14.751050000000001,
        1.1747499999999986,
        -0.6866549022702146
      ],
      "normal": [
        6.123233995736766e-17,
        1.0,
        0.0
      ],
      "area": 4.5806829367227975
    },
    {
      "name": "FACE_15",
      "face_id": 15,
      "center": [
        14.75105,
        1.77165,
        0.3102950977297897
      ],
      "normal": [
        4.621263358528296e-17,
        0.7547095802227711,
        -0.6560590289905085
      ],
      "area": 16.8434183752665
    },
    {
      "name": "FACE_16",
      "face_id": 16,
      "center": [
        -0.6866549022702202,
        1.1747500000000022,
        14.751050000000006
      ],