{
  "part_id": "corner001",
  "thickness": 3.02,
  "circular_holes": [
    {
      "name": "CIRC_HOLE_0",
      "type": "circular_hole",
      "radius": 2.4,
      "center": [
        16.5354,
        0.0,
        1.5113
      ],
      "normal": [
        -0.0,
        -0.0,
        1.0
      ],
      "area": 45.579734,
      "num_faces": 2,
      "faces": [
        {
          "face_id": 0,
          "center": [
            16.5354,
            -1.527887,
            1.5113
          ],
          "area": 22.789867,
          "angle_span": 180.0,
          "normal": [
            0,
            0,
            0
          ]
        },
        {
          "face_id": 3,
          "center": [
            16.5354,
            1.527887,
            1.5113
          ],
          "area": 22.789867,
          "angle_span": 180.0,
          "normal": [
            0,
            0,
            0
          ]
        }
      ]
    },
    {
      "name": "CIRC_HOLE_1",
      "type": "circular_hole",
      "radius": 2.4,
      "center": [
        1.5113,
        0.0,
        10.0838
      ],
      "normal": [
        1.0,
        -0.0,
        -0.0
      ],
      "area": 45.579734,
      "num_faces": 2,
      "faces": [
        {
          "face_id": 1,
          "center": [
            1.5113,
            -1.527887,
            10.0838
          ],
          "area": 22.789867,
          "angle_span": 180.0,
          "normal": [
            0,
            0,
            0
          ]
        },
        {
          "face_id": 2,
          "center": [
            1.5113,
            1.527887,
            10.0838
          ],
          "area": 22.789867,
          "angle_span": 180.0,
          "normal": [
            0,
            0,
            0
          ]
        }
      ]
    }
  ],
  "fillets": [
    {
      "name": "FILLET_0",
      "type": "external_fillet",
      "radius": 9.2075,
      "center": [
        1.5113,
        -0.0,
        17.094444
      ],
      "normal": [
        -1.0,
        0.0,
        0.0
      ],
      "axis_direction": [
        -1.0,
        0.0,
        0.0
      ],
      "axis_location": [
        72.99384,
        0.0,
        8.7503
      ],
      "area": 42.358867,
      "num_faces": 2,
      "total_angle": 87.2056,
      "faces": [
        {
          "face_id": 0,
          "center": [
            1.5113,
            -3.337658,
            17.094444
          ],
          "area": 21.179434,
          "angle_span": 43.6028,
          "normal": [
            -1.0,
            0.0,
            0.0
          ]
        },
        {
          "face_id": 1,
          "center": [
            1.5113,
            3.337658,
            17.094444
          ],
          "area": 21.179434,
          "angle_span": 43.6028,
          "normal": [
            -1.0,
            0.0,
            0.0
          ]
        }
      ]
    },
    {
      "name": "FILLET_1",
      "type": "external_fillet",
      "radius": 3.0226,
      "center": [
        1.098353,
        0.0,
        1.098353
      ],
      "normal": [
        0.0,
        -1.0,
        0.0
      ],
      "axis_direction": [
        0.0,
        -1.0,
        0.0
      ],
      "axis_location": [
        3.0226,
        6.35,
        3.0226
      ],
      "area": 60.29819,
      "num_faces": 1,
      "total_angle": 90.0,
      "faces": [
        {
          "face_id": 2,
          "center": [
            1.098353,
            0.0,
            1.098353
          ],
          "area": 60.29819,
          "angle_span": 90.0,
          "normal": [
            -0.0,
            -1.0,
            -0.0
          ]
        }
      ]
    },
    {
      "name": "FILLET_2",
      "type": "external_fillet",
      "radius": 9.2075,
      "center": [
        24.536644,
        -0.0,
        1.5113
      ],
      "normal": [
        0.0,
        0.0,
        -1.0
      ],
      "axis_direction": [
        0.0,
        0.0,
        -1.0
      ],
      "axis_location": [
        16.1925,
        0.0,
        60.51609
      ],
      "area": 42.358867,
      "num_faces": 1,
      "total_angle": 87.2056,
      "faces": [
        {
          "face_id": 3,
          "center": [
            24.536644,
            -0.0,
            1.5113
          ],
          "area": 42.358867,
          "angle_span": 87.2056,
          "normal": [
            0.0,
            0.0,
            -1.0
          ]
        }
      ]
    }
  ],
  "faces": [
    {
      "name": "FACE_0",
      "face_id": 0,
      "center": [
        16.5354,
        -1.1999999999999993,
        1.5112999999999999
      ],
      "normal": [
        -1.8369701987210297e-16,
        -1.0,
        -0.0
      ],
      "area": 22.789867091377214
    },
    {
      "name": "FACE_1",
      "face_id": 1,
      "center": [
        1.5112999999999996,
        -1.2000000000000002,
        10.0838
      ],
      "normal": [
        0.0,
        -1.0,
        1.8369701987210297e-16
      ],
      "area": 22.78986709137722
    },
    {
      "name": "FACE_2",
      "face_id": 2,
      "center": [
        1.5112999999999985,
        -3.1750000000000016,
        16.687799999999992
      ],
      "normal": [
        0.0,
        -0.3713906763541048,
        0.928476690885259
      ],
      "area": 21.179433567092833
    },
    {
      "name": "FACE_3",
      "face_id": 3,
      "center": [
        1.5112999999999985,
        3.17499999999999,
        16.687799999999992
      ],
      "normal": [
        0.0,
        0.3713906763541037,
        0.9284766908852593
      ],
      "area": 21.179433567092815
    },
    {
      "name": "FACE_4",
      "face_id": 4,
      "center": [
        14.2113,
        0.0,
        3.0225999999999997
      ],
      "normal": [
        0.0,
        0.0,
        -1.0
      ],
      "area": 256.01796339995434
    },
    {
      "name": "FACE_5",
      "face_id": 5,
      "center": [
        14.2113,
        0.0,
        0.0
      ],
      "normal": [
        0.0,
        0.0,
        -1.0
      ],
      "area": 256.01796339995434
    },
    {
      "name": "FACE_6",
      "face_id": 6,
      "center": [
        1.5112999999999994,
        0.0,
        1.5113
      ],
      "normal": [
        -0.7071067811865477,
        0.0,
        -0.7071067811865472
      ],
      "area": 60.29819001260222
    },
    {
      "name": "FACE_7",
      "face_id": 7,
      "center": [
        7.698297719347825e-16,
        4.440892098500626e-16,
        10.490199999999998
      ],
      "normal": [
        -1.0,
        0.0,
        1.2421417534208868e-16
      ],
      "area": 161.5020233999545
    },
    {
      "name": "FACE_8",
      "face_id": 8,
      "center": [
        3.0226000000000006,
        4.440892098500626e-16,
        10.490199999999998
      ],
      "normal": [
        -1.0,
        0.0,
        1.2421417534208868e-16
      ],
      "area": 161.50202339995437
    },
    {
      "name": "FACE_9",
      "face_id": 9,
      "center": [
        11.429999999999996,
        6.349999999999998,
        7.708899999999998
      ],
      "normal": [
        -0.0,
        -1.0,
        -0.0
      ],
      "area": 104.6017413714996
    },
    {
      "name": "FACE_10",
      "face_id": 10,
      "center": [
        11.429999999999996,
        -6.35,
        7.708899999999999
      ],
      "normal": [
        -0.0,
        -1.0,
        -0.0
      ],
      "area": 104.60174137149947
    },
    {
      "name": "FACE_11",
      "face_id": 11,
      "center": [
        1.5112999999999996,
        1.2000000000000004,
        10.0838
      ],
      "normal": [
        0.0,
        1.0,
        -6.123233995736766e-17
      ],
      "area": 22.789867091377225
    },
    {
      "name": "FACE_12",
      "face_id": 12,
      "center": [
        24.129999999999995,
        8.881784197001252e-16,
        1.5112999999999985
      ],
      "normal": [
        1.0,
        1.2246467991473532e-16,
        0.0
      ],